{
  "name": "hexmachina",
  "license": "MIT",
  "tags": [
    "hexmachina",
    "mvc",
    "oop"
  ],
  "description": "A powerful multi-modular MVC+S system written in Haxe",
  "contributors": [
    "doclerlabs"
  ],
  "releasenote": "Minor fixes for some broken classes. \r\nSee https://github.com/DoclerLabs/hexMachina for more information.",
  "version": "0.3.0",
  "url": "https://github.com/DoclerLabs/hexMachina",
  "dependencies": {
    "hexannotation": "0.3.0",
    "hexinject": "0.3.0",
    "hexioc": "0.3.0",
    "hexmvc": "0.3.0",
    "hexcore": "0.3.0",
    "hexstate": "0.3.0",
    "hexservice": "0.3.0",
    "hexunit": "0.3.0"
  }
}